epoch,train_loss,train_accuracy,train_precision,train_recall,train_f1,val_loss,val_accuracy,val_precision,val_recall,val_f1
1,0.6978265881538391,0.4,0.3559322033898305,0.75,0.4827586206896552,0.6923782825469971,0.5625,0.0,0.0,0.0
2,0.687631368637085,0.6533333333333333,0.625,0.17857142857142858,0.2777777777777778,0.6858783960342407,0.625,0.0,0.0,0.0
